{
    "N-C-N": [
        1,
        110.38,
        553.9616
    ],
    "C-O-C": [
        1,
        117.6,
        522.1632
    ],
    "C-C-N": [
        1,
        111.04005,
        552.45536
    ],
    "C-N-C": [
        1,
        112.35005,
        534.04576
    ],
    "N-C-C": [
        1,
        111.04005,
        552.45536
    ],
    "H-C-N": [
        1,
        109.88005,
        414.46704
    ],
    "C-N-H": [
        1,
        109.29005,
        396.81056
    ],
    "N-C-H": [
        1,
        109.88005,
        414.46704
    ],
    "H-N-C": [
        1,
        109.29005,
        396.81056
    ],
    "C-C-C": [
        1,
        111.04005,
        529.44336
    ],
    "H-C-C": [
        1,
        108.77005,
        392.71024
    ],
    "C-C-H": [
        1,
        108.77005,
        392.71024
    ],
    "c3-ca-ca": [
        1,
        120.7700517,
        531.61904
    ],
    "c3-c3-ca": [
        1,
        112.070048,
        528.4392
    ],
    "c3-c3-c3": [
        1,
        111.5100476,
        526.01248
    ],
    "ca-ca-ca": [
        1,
        120.0200517,
        557.47616
    ],
    "ca-c3-ca": [
        1,
        112.240048,
        531.87008
    ],
    "ca-ca-os": [
        1,
        119.2000511,
        582.24544
    ],
    "ca-os-c3": [
        1,
        117.9600507,
        523.16736
    ],
    "os-c3-c3": [
        1,
        107.9700462,
        569.024
    ],
    "c3-c3-oh": [
        1,
        110.1900474,
        564.58896
    ],
    "c3-os-c": [
        1,
        115.9800495,
        529.52704
    ],
    "os-c-c3": [
        1,
        110.7200477,
        576.47152
    ],
    "os-c-o": [
        1,
        123.2500525,
        630.27776
    ],
    "c-c3-c3": [
        1,
        111.0400475,
        529.44336
    ],
    "c3-c-o": [
        1,
        123.2000528,
        564.0032
    ],
    "c3-c3-hc": [
        1,
        109.8000471,
        387.77312
    ],
    "hc-c3-hc": [
        1,
        107.5800459,
        329.6992
    ],
    "ca-ca-ha": [
        1,
        119.8800511,
        403.17024
    ],
    "os-c3-h1": [
        1,
        109.7800468,
        425.0944
    ],
    "c3-c3-h1": [
        1,
        109.5600471,
        388.19152
    ],
    "c3-oh-ho": [
        1,
        107.2600461,
        396.47584
    ],
    "h1-c3-h1": [
        1,
        108.4600466,
        328.36032
    ],
    "oh-c3-h1": [
        1,
        110.2600474,
        426.18224
    ],
    "ca-c3-hc": [
        1,
        110.4700473,
        391.6224
    ],
    "ca-c3-c3": [
        1,
        112.070048,
        528.4392
    ],
    "ca-ca-c3": [
        1,
        120.7700517,
        531.61904
    ],
    "c-c3-hc": [
        1,
        108.7700466,
        392.71024
    ]
}