{
    "C-N": [
        1,
        0.14647,
        272713.12
    ],
    "N-C": [
        1,
        0.14647,
        272713.12
    ],
    "c3-c3": [
        1,
        0.15375,
        251793.12
    ],
    "c3-ca": [
        1,
        0.15156,
        268612.8
    ],
    "ca-ca": [
        1,
        0.13984,
        385848.48
    ],
    "ca-os": [
        1,
        0.13696,
        315138.88
    ],
    "os-c3": [
        1,
        0.14316,
        258236.48
    ],
    "c3-oh": [
        1,
        0.14233,
        265014.56
    ],
    "os-c": [
        1,
        0.13584,
        327021.44
    ],
    "c-c3": [
        1,
        0.15241,
        261918.4
    ],
    "c-o": [
        1,
        0.12183,
        533627.36
    ],
    "c3-hc": [
        1,
        0.10969,
        276646.08
    ],
    "ca-ha": [
        1,
        0.1086,
        289365.44
    ],
    "c3-h1": [
        1,
        0.10969,
        276646.08
    ],
    "oh-ho": [
        1,
        0.0973,
        310787.52
    ],
    "ca-c3": [
        1,
        0.15156,
        268612.8
    ]
}